term,estimate,std_error,t_stat,p_value
Intercept,-70.15740740641665,3.4973152813925235,-20.060361094605724,0.0
COE size,0.024852941797157156,0.00943909386459225,2.6329796221632082,0.010919541166114932
